﻿{"frames": {

"addBtn0000":
{
	"frame": {"x":3152,"y":3029,"w":332,"h":683},
	"rotated": false,
	"trimmed": false,
	"spriteSourceSize": {"x":0,"y":0,"w":332,"h":683},
	"sourceSize": {"w":332,"h":683}
},
"addBtn_10000":
{
	"frame": {"x":2817,"y":3029,"w":332,"h":684},
	"rotated": false,
	"trimmed": false,
	"spriteSourceSize": {"x":0,"y":0,"w":332,"h":684},
	"sourceSize": {"w":332,"h":684}
},
"addCrate0000":
{
	"frame": {"x":1614,"y":3640,"w":535,"h":182},
	"rotated": false,
	"trimmed": false,
	"spriteSourceSize": {"x":0,"y":0,"w":535,"h":182},
	"sourceSize": {"w":535,"h":182}
},
"addCrate_10000":
{
	"frame": {"x":538,"y":3640,"w":535,"h":182},
	"rotated": false,
	"trimmed": false,
	"spriteSourceSize": {"x":0,"y":0,"w":535,"h":182},
	"sourceSize": {"w":535,"h":182}
},
"arrow0000":
{
	"frame": {"x":1050,"y":2189,"w":507,"h":132},
	"rotated": false,
	"trimmed": false,
	"spriteSourceSize": {"x":0,"y":0,"w":507,"h":132},
	"sourceSize": {"w":507,"h":132}
},
"bin0000":
{
	"frame": {"x":3191,"y":1163,"w":676,"h":1160},
	"rotated": false,
	"trimmed": false,
	"spriteSourceSize": {"x":0,"y":0,"w":676,"h":1160},
	"sourceSize": {"w":676,"h":1160}
},
"bin_opened0000":
{
	"frame": {"x":3191,"y":0,"w":677,"h":1160},
	"rotated": false,
	"trimmed": false,
	"spriteSourceSize": {"x":0,"y":0,"w":677,"h":1160},
	"sourceSize": {"w":677,"h":1160}
},
"bottle_info_240000":
{
	"frame": {"x":1763,"y":2288,"w":312,"h":100},
	"rotated": false,
	"trimmed": false,
	"spriteSourceSize": {"x":0,"y":0,"w":312,"h":100},
	"sourceSize": {"w":312,"h":100}
},
"bottle_info_60000":
{
	"frame": {"x":3871,"y":344,"w":192,"h":100},
	"rotated": false,
	"trimmed": false,
	"spriteSourceSize": {"x":0,"y":0,"w":192,"h":100},
	"sourceSize": {"w":192,"h":100}
},
"changeCrate0000":
{
	"frame": {"x":1591,"y":3455,"w":535,"h":182},
	"rotated": false,
	"trimmed": false,
	"spriteSourceSize": {"x":0,"y":0,"w":535,"h":182},
	"sourceSize": {"w":535,"h":182}
},
"changeCrate_10000":
{
	"frame": {"x":0,"y":3501,"w":535,"h":182},
	"rotated": false,
	"trimmed": false,
	"spriteSourceSize": {"x":0,"y":0,"w":535,"h":182},
	"sourceSize": {"w":535,"h":182}
},
"closeBtn0000":
{
	"frame": {"x":3871,"y":756,"w":110,"h":105},
	"rotated": false,
	"trimmed": false,
	"spriteSourceSize": {"x":0,"y":0,"w":110,"h":105},
	"sourceSize": {"w":110,"h":105}
},
"closeBtn_10000":
{
	"frame": {"x":3871,"y":648,"w":110,"h":105},
	"rotated": false,
	"trimmed": false,
	"spriteSourceSize": {"x":0,"y":0,"w":110,"h":105},
	"sourceSize": {"w":110,"h":105}
},
"crate_240000":
{
	"frame": {"x":0,"y":0,"w":1474,"h":700},
	"rotated": false,
	"trimmed": false,
	"spriteSourceSize": {"x":0,"y":0,"w":1474,"h":700},
	"sourceSize": {"w":1474,"h":700}
},
"crate_24_10000":
{
	"frame": {"x":2141,"y":820,"w":1047,"h":817},
	"rotated": false,
	"trimmed": false,
	"spriteSourceSize": {"x":0,"y":0,"w":1047,"h":817},
	"sourceSize": {"w":1047,"h":817}
},
"crate_24_30000":
{
	"frame": {"x":1050,"y":1369,"w":1047,"h":817},
	"rotated": false,
	"trimmed": false,
	"spriteSourceSize": {"x":0,"y":0,"w":1047,"h":817},
	"sourceSize": {"w":1047,"h":817}
},
"crate_24_70000":
{
	"frame": {"x":0,"y":1523,"w":1047,"h":817},
	"rotated": false,
	"trimmed": false,
	"spriteSourceSize": {"x":0,"y":0,"w":1047,"h":817},
	"sourceSize": {"w":1047,"h":817}
},
"crate_24_80000":
{
	"frame": {"x":0,"y":703,"w":1047,"h":817},
	"rotated": false,
	"trimmed": false,
	"spriteSourceSize": {"x":0,"y":0,"w":1047,"h":817},
	"sourceSize": {"w":1047,"h":817}
},
"crate_24_empty0000":
{
	"frame": {"x":2100,"y":1640,"w":1046,"h":817},
	"rotated": false,
	"trimmed": false,
	"spriteSourceSize": {"x":0,"y":0,"w":1046,"h":817},
	"sourceSize": {"w":1046,"h":817}
},
"crate_24_outline0000":
{
	"frame": {"x":2141,"y":0,"w":1047,"h":817},
	"rotated": false,
	"trimmed": false,
	"spriteSourceSize": {"x":0,"y":0,"w":1047,"h":817},
	"sourceSize": {"w":1047,"h":817}
},
"crate_60000":
{
	"frame": {"x":3149,"y":2326,"w":796,"h":700},
	"rotated": false,
	"trimmed": false,
	"spriteSourceSize": {"x":0,"y":0,"w":796,"h":700},
	"sourceSize": {"w":796,"h":700}
},
"crate_6_back0000":
{
	"frame": {"x":1763,"y":2460,"w":524,"h":814},
	"rotated": false,
	"trimmed": false,
	"spriteSourceSize": {"x":0,"y":0,"w":524,"h":814},
	"sourceSize": {"w":524,"h":814}
},
"crate_6_empty0000":
{
	"frame": {"x":527,"y":2684,"w":523,"h":814},
	"rotated": false,
	"trimmed": false,
	"spriteSourceSize": {"x":0,"y":0,"w":523,"h":814},
	"sourceSize": {"w":523,"h":814}
},
"crate_6_front0000":
{
	"frame": {"x":0,"y":2684,"w":524,"h":814},
	"rotated": false,
	"trimmed": false,
	"spriteSourceSize": {"x":0,"y":0,"w":524,"h":814},
	"sourceSize": {"w":524,"h":814}
},
"crate_6_outline0000":
{
	"frame": {"x":2290,"y":2460,"w":524,"h":814},
	"rotated": false,
	"trimmed": false,
	"spriteSourceSize": {"x":0,"y":0,"w":524,"h":814},
	"sourceSize": {"w":524,"h":814}
},
"crate_empty0000":
{
	"frame": {"x":1053,"y":2684,"w":503,"h":273},
	"rotated": false,
	"trimmed": false,
	"spriteSourceSize": {"x":0,"y":0,"w":503,"h":273},
	"sourceSize": {"w":503,"h":273}
},
"crate_filled_bg0000":
{
	"frame": {"x":3871,"y":187,"w":173,"h":154},
	"rotated": false,
	"trimmed": false,
	"spriteSourceSize": {"x":0,"y":0,"w":173,"h":154},
	"sourceSize": {"w":173,"h":154}
},
"crate_filled_bg10000":
{
	"frame": {"x":3871,"y":565,"w":151,"h":80},
	"rotated": false,
	"trimmed": false,
	"spriteSourceSize": {"x":0,"y":0,"w":151,"h":80},
	"sourceSize": {"w":151,"h":80}
},
"deleteBtn0000":
{
	"frame": {"x":1050,"y":1069,"w":337,"h":105},
	"rotated": false,
	"trimmed": false,
	"spriteSourceSize": {"x":0,"y":0,"w":337,"h":105},
	"sourceSize": {"w":337,"h":105}
},
"deleteBtn_10000":
{
	"frame": {"x":1050,"y":961,"w":337,"h":105},
	"rotated": false,
	"trimmed": false,
	"spriteSourceSize": {"x":0,"y":0,"w":337,"h":105},
	"sourceSize": {"w":337,"h":105}
},
"infoBtn0000":
{
	"frame": {"x":3871,"y":447,"w":115,"h":115},
	"rotated": false,
	"trimmed": false,
	"spriteSourceSize": {"x":0,"y":0,"w":115,"h":115},
	"sourceSize": {"w":115,"h":115}
},
"info_card10000":
{
	"frame": {"x":1050,"y":1177,"w":374,"h":90},
	"rotated": false,
	"trimmed": false,
	"spriteSourceSize": {"x":0,"y":0,"w":374,"h":90},
	"sourceSize": {"w":374,"h":90}
},
"info_card20000":
{
	"frame": {"x":2152,"y":3640,"w":506,"h":155},
	"rotated": false,
	"trimmed": false,
	"spriteSourceSize": {"x":0,"y":0,"w":506,"h":155},
	"sourceSize": {"w":506,"h":155}
},
"info_card30000":
{
	"frame": {"x":1050,"y":703,"w":374,"h":255},
	"rotated": false,
	"trimmed": false,
	"spriteSourceSize": {"x":0,"y":0,"w":374,"h":255},
	"sourceSize": {"w":374,"h":255}
},
"logo0000":
{
	"frame": {"x":1560,"y":2189,"w":505,"h":96},
	"rotated": false,
	"trimmed": false,
	"spriteSourceSize": {"x":0,"y":0,"w":505,"h":96},
	"sourceSize": {"w":505,"h":96}
},
"logout0000":
{
	"frame": {"x":1053,"y":3455,"w":535,"h":182},
	"rotated": false,
	"trimmed": false,
	"spriteSourceSize": {"x":0,"y":0,"w":535,"h":182},
	"sourceSize": {"w":535,"h":182}
},
"logout_10000":
{
	"frame": {"x":2129,"y":3455,"w":535,"h":182},
	"rotated": false,
	"trimmed": false,
	"spriteSourceSize": {"x":0,"y":0,"w":535,"h":182},
	"sourceSize": {"w":535,"h":182}
},
"rack0000":
{
	"frame": {"x":1477,"y":0,"w":661,"h":1366},
	"rotated": false,
	"trimmed": false,
	"spriteSourceSize": {"x":0,"y":0,"w":661,"h":1366},
	"sourceSize": {"w":661,"h":1366}
},
"ready0000":
{
	"frame": {"x":3487,"y":3399,"w":535,"h":182},
	"rotated": false,
	"trimmed": false,
	"spriteSourceSize": {"x":0,"y":0,"w":535,"h":182},
	"sourceSize": {"w":535,"h":182}
},
"ready_10000":
{
	"frame": {"x":3487,"y":3214,"w":535,"h":182},
	"rotated": false,
	"trimmed": false,
	"spriteSourceSize": {"x":0,"y":0,"w":535,"h":182},
	"sourceSize": {"w":535,"h":182}
},
"replay0000":
{
	"frame": {"x":1053,"y":2960,"w":536,"h":182},
	"rotated": false,
	"trimmed": false,
	"spriteSourceSize": {"x":0,"y":0,"w":536,"h":182},
	"sourceSize": {"w":536,"h":182}
},
"replay_10000":
{
	"frame": {"x":3487,"y":3029,"w":536,"h":182},
	"rotated": false,
	"trimmed": false,
	"spriteSourceSize": {"x":0,"y":0,"w":536,"h":182},
	"sourceSize": {"w":536,"h":182}
},
"search_icon0000":
{
	"frame": {"x":3871,"y":0,"w":186,"h":184},
	"rotated": false,
	"trimmed": false,
	"spriteSourceSize": {"x":0,"y":0,"w":186,"h":184},
	"sourceSize": {"w":186,"h":184}
},
"skip0000":
{
	"frame": {"x":3487,"y":3584,"w":535,"h":182},
	"rotated": false,
	"trimmed": false,
	"spriteSourceSize": {"x":0,"y":0,"w":535,"h":182},
	"sourceSize": {"w":535,"h":182}
},
"skip_10000":
{
	"frame": {"x":1076,"y":3640,"w":535,"h":182},
	"rotated": false,
	"trimmed": false,
	"spriteSourceSize": {"x":0,"y":0,"w":535,"h":182},
	"sourceSize": {"w":535,"h":182}
},
"sub_bg0000":
{
	"frame": {"x":1053,"y":3277,"w":1301,"h":175},
	"rotated": false,
	"trimmed": false,
	"spriteSourceSize": {"x":0,"y":0,"w":1301,"h":175},
	"sourceSize": {"w":1301,"h":175}
},
"title0000":
{
	"frame": {"x":0,"y":2343,"w":1760,"h":338},
	"rotated": false,
	"trimmed": false,
	"spriteSourceSize": {"x":0,"y":0,"w":1760,"h":338},
	"sourceSize": {"w":1760,"h":338}
}},
"meta": {
	"app": "Adobe Animate",
	"version": "19.0.0.326",
	"image": "items.png",
	"format": "RGBA8888",
	"size": {"w":4096,"h":4096},
	"scale": "1"
}
}
